{
  "id": "closed-cradle-shared",
  "title": "Closed Cradle Shared",
  "version": "1.0.0",
  "compatibility": {
    "minimum": "11",
    "verified": "11"
  },
  "packs": [
    {
      "name": "classes",
      "label": "Classes",
      "path": "packs/classes",
      "type": "Item",
      "system": "pf2e",
      "ownership": {
        "PLAYER": "OBSERVER",
        "ASSISTANT": "OWNER"
      }
    },
    {
      "name": "class-features",
      "label": "Class Features",
      "path": "packs/class-features",
      "type": "Item",
      "system": "pf2e",
      "ownership": {
        "PLAYER": "OBSERVER",
        "ASSISTANT": "OWNER"
      }
    },
    {
      "name": "class-feats",
      "label": "Class Feats",
      "path": "packs/class-feats",
      "type": "Item",
      "system": "pf2e",
      "ownership": {
        "PLAYER": "OBSERVER",
        "ASSISTANT": "OWNER"
      }
    },
    {
      "name": "ancestries",
      "label": "Ancestries",
      "path": "packs/ancestries",
      "type": "Item",
      "system": "pf2e",
      "ownership": {
        "PLAYER": "OBSERVER",
        "ASSISTANT": "OWNER"
      }
    },
    {
      "name": "ancestry-features",
      "label": "Ancestry Features",
      "path": "packs/ancestry-features",
      "type": "Item",
      "system": "pf2e",
      "ownership": {
        "PLAYER": "OBSERVER",
        "ASSISTANT": "OWNER"
      }
    },
    {
      "name": "ancestry-feats",
      "label": "Ancestry Feats",
      "path": "packs/ancestry-feats",
      "type": "Item",
      "system": "pf2e",
      "ownership": {
        "PLAYER": "OBSERVER",
        "ASSISTANT": "OWNER"
      }
    },
    {
      "name": "equipment",
      "label": "Equipment",
      "path": "packs/equipment",
      "type": "Item",
      "system": "pf2e",
      "ownership": {
        "PLAYER": "OBSERVER",
        "ASSISTANT": "OWNER"
      }
    },
    {
      "name": "heritages",
      "label": "Heritages",
      "path": "packs/heritages",
      "type": "Item",
      "system": "pf2e",
      "ownership": {
        "PLAYER": "OBSERVER",
        "ASSISTANT": "OWNER"
      }
    }
  ],
  "relationships": {
    "systems": [
      {
        "id": "pf2e",
        "type": "system"
      }
    ]
  },
  "description": "The Shared Version of Closed Cradle Content for use in the Living World Servers games.",
  "authors": [
    {
      "name": "gameipedia",
      "discord": "gameipedia"
    }
  ]
}